id,first_name,last_name,email,country,ip_address
1,Louis,Brown,lbrown0@umn.edu,Indonesia,136.86.134.165
2,Ernest,Bowman,ebowman1@ox.ac.uk,France,197.181.92.124
3,Earl,Foster,efoster2@virginia.edu,Indonesia,251.140.24.57
4,William,Reynolds,wreynolds3@geocities.jp,Indonesia,211.69.91.36
5,Judith,Harvey,jharvey4@uol.com.br,Portugal,75.68.250.64
6,Brian,Powell,bpowell5@jugem.jp,Philippines,158.65.6.224
7,Jimmy,Powell,jpowell6@opera.com,Venezuela,119.210.45.201
8,Deborah,Hawkins,dhawkins7@theatlantic.com,Russia,197.217.243.59
9,Norma,Perez,nperez8@ustream.tv,China,130.204.117.209
10,Emily,Anderson,eanderson9@cbc.ca,Peru,93.80.184.43
11,Edward,Gomez,egomeza@accuweather.com,United Kingdom,5.160.120.198
12,Keith,Hunter,khunterb@phoca.cz,Indonesia,168.174.120.92
13,Justin,Burton,jburtonc@cdbaby.com,China,143.83.231.206
14,Janice,Vasquez,jvasquezd@theatlantic.com,Philippines,103.106.119.169
15,Jimmy,Rose,jrosee@nymag.com,Yemen,56.122.189.34
16,Shirley,Gibson,sgibsonf@clickbank.net,Netherlands,8.216.75.59
17,Joe,Lee,jleeg@cdc.gov,France,11.20.144.15
18,Jimmy,Jones,jjonesh@free.fr,China,77.221.172.188
19,Jesse,Garza,jgarzai@delicious.com,Lithuania,208.155.234.18
20,Dorothy,Gordon,dgordonj@npr.org,Indonesia,5.138.173.163
21,Frank,Medina,fmedinak@auda.org.au,Russia,230.213.114.197
22,Jacqueline,Welch,jwelchl@hc360.com,Indonesia,17.228.5.21
23,Jacqueline,Webb,jwebbm@chicagotribune.com,Armenia,254.191.121.101
24,Terry,Robertson,trobertsonn@vimeo.com,China,111.117.59.55
25,Harold,Gonzalez,hgonzalezo@discovery.com,Greece,254.206.178.10
26,Maria,Ellis,mellisp@google.de,Cambodia,8.237.113.153
27,Timothy,Gibson,tgibsonq@elpais.com,China,155.122.139.66
28,Donald,Riley,drileyr@miitbeian.gov.cn,Indonesia,23.164.11.239
29,Terry,Adams,tadamss@nsw.gov.au,Philippines,244.220.14.191
30,Ashley,Perkins,aperkinst@booking.com,China,246.130.210.78
31,Walter,Williams,wwilliamsu@stanford.edu,Sri Lanka,70.197.138.150
32,Betty,Ortiz,bortizv@naver.com,Indonesia,191.198.17.140
33,Shawn,Foster,sfosterw@illinois.edu,Belarus,237.249.241.192
34,Stephen,Schmidt,sschmidtx@nba.com,Philippines,151.156.15.230
35,Jimmy,Chavez,jchavezy@trellian.com,Peru,244.20.135.64
36,Billy,Grant,bgrantz@hostgator.com,Austria,43.127.56.210
37,Raymond,Morales,rmorales10@about.com,Colombia,56.4.214.114
38,Phillip,Alvarez,palvarez11@clickbank.net,Indonesia,197.81.21.221
39,Andrew,Gray,agray12@imgur.com,Palestinian Territory,41.12.135.203
40,Rebecca,Weaver,rweaver13@yahoo.com,China,18.182.31.28
